userNumber,firstName,lastName,email,password
1,Ashok,Reddy,ashok.reddy.1@splitesy.test,PassForTestUser@1
2,Rekha,Kurup,rekha.kurup.2@splitesy.test,PassForTestUser@2
3,Aishwarya,Banerjee,aishwarya.banerjee.3@splitesy.test,PassForTestUser@3
4,Amit,Naik,amit.naik.4@splitesy.test,PassForTestUser@4
5,Ramesh,Prabhu,ramesh.prabhu.5@splitesy.test,PassForTestUser@5
6,Sachin,Arora,sachin.arora.6@splitesy.test,PassForTestUser@6
7,Vikas,Sahni,vikas.sahni.7@splitesy.test,PassForTestUser@7
8,Arjun,Tiwari,arjun.tiwari.8@splitesy.test,PassForTestUser@8
9,Vikram,Arora,vikram.arora.9@splitesy.test,PassForTestUser@9
10,Neha,Chawla,neha.chawla.10@splitesy.test,PassForTestUser@10
11,Aarav,Desai,aarav.desai.11@splitesy.test,PassForTestUser@11
12,Rohit,Goel,rohit.goel.12@splitesy.test,PassForTestUser@12
13,Varun,Banerjee,varun.banerjee.13@splitesy.test,PassForTestUser@13
14,Naveen,Deshpande,naveen.deshpande.14@splitesy.test,PassForTestUser@14
15,Karan,Mishra,karan.mishra.15@splitesy.test,PassForTestUser@15
16,Sneha,Bose,sneha.bose.16@splitesy.test,PassForTestUser@16
17,Deepak,Hegde,deepak.hegde.17@splitesy.test,PassForTestUser@17
18,Swati,Pillai,swati.pillai.18@splitesy.test,PassForTestUser@18
19,Sundar,Arora,sundar.arora.19@splitesy.test,PassForTestUser@19
20,Naveen,Mukherjee,naveen.mukherjee.20@splitesy.test,PassForTestUser@20
